user_profile_id,algorithm
90f1f5b4-4ca8-5768-b7a3-87558ca2ff90,3
83931cec-2ec5-57ef-8bcb-d978b1e5ea9e,4
4b65b267-627e-5448-a7a3-666493c43c01,0
65536e61-6698-5323-9ec8-e6a7c868c274,1
30fb8fe9-0b6c-5efd-96a6-0c01b6a3a996,2
7b8fe271-2022-5c11-9d40-009d4f76222b,3
d89c805f-f7ed-56b4-b781-49873b55e50c,4
07755b28-f180-5ff1-b64b-8440820d099c,0
90d4af07-901c-5f8b-badf-a87fb996ce21,1
41599c99-8355-522f-a897-ee6ddc2f1507,2
74687eea-ee24-56d5-a675-898b2e175b6a,3
92455cfb-cce7-5c88-96da-d3845c247884,4
88dfa64c-a4af-541c-a493-a15471e66266,0
d9f93fb0-c7aa-5e63-9a3e-194a4b570d69,1
b28c90ec-ff59-5300-ba92-aa2bb8826c1e,2
ad6543c9-55ab-51f0-88f6-a4619ec8fa73,3
5f0ea8f2-6692-5c7b-bcfe-ac2887e4b51c,4
418b1106-d566-581d-8141-3d0b8f213ed3,0
94272085-e07a-52a5-bc73-10107ba09f42,1
b0bdb280-8c05-531e-98d9-f7b5403a6612,2
2cde46b3-cb45-5544-b313-0b83d465f7f0,3
e1013e67-6d94-593e-ba59-44a8fe4f74b2,4
8472877b-cb99-509b-a449-e7d48e59da4e,0
f3669b1d-f709-542b-b1ff-792cb8656071,1
8ea9497a-3cc0-5fa1-95c1-b96b3307e1b1,2
86628847-2ee8-5bbf-a533-fc3d8b238c15,3
c2e5fe12-fddf-5890-8cd3-1594b3cdddfd,4
0e04ab3a-3ccd-5855-a302-2075ed1a481f,0
32a49c32-8f6c-5719-bb29-0f8b30e7ee03,1
cd530637-01cd-5aa9-a12f-bb57a9a9fc44,2
1427b1e9-41a2-5d3e-8fe2-b92bbd393bcc,3
3423e96e-6f50-5fcb-8f29-31a008af4080,4
f531cf8d-d7e6-5912-ba61-4ecd27ba9d1b,0
b24f5dfc-152b-560f-9f73-af6cdb1931ee,1
1f589d25-6796-575e-a4c0-3cf33ace550a,2
961233b3-85a2-5e9d-8f3d-d39478e3c92c,3
c7f759bb-f127-539b-8c53-69f47c49899d,4
8bee893b-b241-552d-b487-73d3060c2d04,0
c10ec97c-8ae4-58ed-bae7-8d36ab9332f8,1
977d64bf-7d24-55dd-beb3-3f4e4e05f89f,2
ba9048fb-f148-5697-bffc-f5ed9d96c85e,3
0534afe2-13bc-5e53-badb-d99c8bf15d46,4
84a255d7-319a-523a-b0de-cc183d009b39,0
75448f87-b6ee-54ab-9730-eb6cd6ca7544,1
49bd17ba-3249-5a03-854c-71bc7eaadd48,2
ed8cf9e6-761e-560e-9276-8b5848d32eba,3
a1c09b0e-f58e-5472-be70-3d2668c4d2bf,4
6788af8d-9507-5a0b-a45f-a00b7ff801b8,0
709bc10d-2ae8-5689-8c55-e609f67a9708,1
9c6a3f3f-c067-5fdb-9a32-f2557eeadbde,2
8c5e665c-5c73-51f6-b99d-40b806e035d3,3
eaf1adab-b564-53eb-ae79-3942f5484433,4
f4780cf5-3f6a-5c3e-9763-73b11e69693f,0
9045b6ea-fa3d-5c85-91a7-5a62b1a0f0c2,1
7ef1e47f-3d2e-512c-a4e6-7395cf782e34,2
e5b4f760-6a5b-5ef2-8052-6d5537a227f7,3
44eb819d-151b-5626-b190-3ac11e56e4fb,4
8392d787-423a-5a18-a4a1-65d7118b0663,0
4a625f24-837d-555a-bf3c-ecd7a3439e5d,1
2a458af9-1e16-5241-9206-380aedbb772c,2
d5145f0a-3546-527f-9473-9eb0b8c35843,3
1504df86-cbfb-540c-b586-be807be81ecc,4
b6f11525-3d3f-5c82-be97-1daff3c819d2,0
9ba32787-acb9-50d2-afcd-5bb1c28da718,1
28a3d278-821d-5f73-a580-0e4183b720e4,2
0caf5362-85c8-532a-8313-ae8eb3f32805,3
f44f53e1-a918-5dd3-8dc0-337217c1d08a,4
e4f031d3-fedd-5acd-bc7e-881c3af75311,0
66d8670f-1f6d-542a-9e5b-cdb6e49393b4,1
c3a797d2-e531-5678-b51d-5c24a5444c22,2
57a4b7ec-5c6d-52bd-8f71-7740ad973117,3
db531783-cebf-5873-809f-cb4ab61f6d01,4
6c61422b-3119-5ab5-908e-6898c54a13a1,0
ba7a0ad3-4d2e-5202-bd83-6251b24b668a,1
7a2e4462-c91d-5603-a9f6-a893b9e65dee,2
ebf52061-ca67-50e3-b01c-0bb89f8205f4,3
3f9329b9-384d-58e3-b403-48b0ff1fecc7,4
b1e55439-17d8-59c6-ae73-7fb7c8904339,0
86c9b909-6463-5d9b-8e87-bca808e552e8,1
bec0167e-c55f-5e8e-aedc-af3029f1c6c1,2
cb74de89-1663-5c29-8f0e-93ca87b80ed7,3
317c49ff-9cd0-59be-bbed-e1a69b8fddc4,4
8010119b-00d7-54d9-b73d-e6ab3c469a78,0
7b0087d2-4e59-5ac3-86d5-ed90646ab9ff,1
d8270a39-67aa-5dcc-890c-9aaf0a51ef9b,2
7b0cc2c1-2579-55a4-a420-ebbf6c766898,3
29d28c9e-9d7e-566f-bec4-3b0930d5e137,4
f4c11276-1cdf-581b-9ba3-19391883e023,0
b28fc2c4-e7d1-569c-9aa5-4d329c443d87,1
b83bfeca-0788-5bd9-abd0-addf3232fabd,2
8ae38851-16b4-5c68-b550-d0eaf66ec8fc,3
fee5934c-eb8b-5a27-b9ca-56e4547c2161,4
4065c6df-0cb3-5356-ac3c-960cfeb77982,0
baef3891-ca95-5baa-8583-d453a948dfc6,1
b0955c5f-608e-5b63-84c9-e0a49c9e1d13,2
7093cc08-2a8e-5bd9-8d9d-f600398b5bbd,3
56cce442-0c8e-58c4-a40f-15ee6c88bd1e,4
2467296e-cd50-5b76-877b-772b5a9d2250,0
548ec990-a22d-5ad3-a3fd-174e5ac101da,1
4bfbf773-850f-5404-9881-09eaa735163d,2
14ed3c61-9cf8-584d-9366-bf08886c9355,3
a7141605-97b5-5503-bd89-194d42ce33c3,4
1bc76e0c-4446-59ff-a170-4a0d284e0c39,0
8aa2ead1-209a-5274-bf97-0454a13ba398,1
f83c24ba-c613-5ca2-a629-49f1430509aa,2
8a94c318-8988-5cb8-b233-610f7be409d8,3
cd7f5c47-4c0f-58c8-b17c-a46986b0e301,4
24618b34-6e86-5454-a863-faba58d4d102,0
20b42498-22e4-5222-b1ac-fc5a6f2f8c1c,1
da7f620c-08bf-5435-aa20-0036df18ba47,2
0dd80cf6-00b9-55b6-9ea2-6760a17a6ba1,3
e6944d8a-8dcd-56ed-9ae4-770cc0f5ebd1,4
e96450e1-6079-5648-9ee5-1c7e1eea763b,0
1fe233a8-a7d5-5b0c-82d3-9b7faa5231d5,1
0d3a45bc-fceb-5097-a569-a54c6412768b,2
5cdb5d03-ba72-5af0-807f-8f9b86227514,3
68fc90f8-1de9-57b1-a9fc-35b449e2224b,4
06348e40-2dd5-527d-804d-43c60b61e585,0
bf336d9e-6ec6-52a8-a4f4-55abc55a1beb,1
6f15db05-2bce-5299-8eb8-9ffc43e2678e,2
df4606f9-30f0-56ae-8fcc-923875098182,3
016fc57f-cb33-5aaa-a6df-932b06261149,4
b8be7103-f7c7-5fc0-a196-6a7f8363943b,0
70ad9efd-d1c7-538a-ae56-8b465b641cf7,1
5cdbac45-6053-54c6-8428-97004306f406,2
f1cc890b-3b72-5ffe-9c59-71965dd22a56,3
6851946e-5ac9-5525-8eb5-7876d41b7a06,4
a3740248-5fb1-5697-bd33-36ba1fd277f8,0
b2f25bda-65fa-5ad3-b909-8a32ba32d678,1
319ff579-128c-5699-acca-e46d39dc8a65,2
f69cbebc-3471-58d2-9ddd-bd17c0a96caa,3
73559551-04eb-514a-adcb-59da04617160,4
8664722e-42b9-5fae-b34f-2e367b98748e,0
ec42c8d3-a451-57b7-981f-305430b07974,1
c8fa228c-f5d8-5a2f-9df8-1c8d9ac62240,2
72849dc6-6728-506f-8aff-73fe8819e037,3
4e00cdb0-2bc4-586b-8816-34ecb2e21d17,4
87b3fb60-cf1d-5500-88bb-5c23b2bb0f54,0
14f358e3-d8df-57a3-a885-3ea5283fd253,1
c99badf8-3331-5909-96e7-f3e19ff9a86f,2
a39a72ee-8e20-5875-86eb-a7e3d5b2286b,3
9888602c-b373-5f1e-8ee4-8053929fce20,4
0def2c37-81fd-58ad-b724-5be9294d0c3e,0
85cb1585-5a0d-51d0-b117-ed59d7068927,1
44ec051a-cb70-5ba0-afa1-6e290ff8329f,2
3549d0b2-be1b-5f13-af79-fc7c57763132,3
63ec18d1-9d1b-5f53-96b4-4b0ee8df1b41,4
22314e18-8776-5b26-a6c0-b580cbdd13d5,0
58824b76-e432-5884-81b7-a6893dffb0e9,1
ad8f5347-7ed2-510b-9137-01fdb316b38d,2
46a0936c-9c60-56a2-8b5f-6b96cb99eada,3
c6107769-4a2f-5b6d-b48b-9fbc2d76f944,4
2a9ac046-eccf-57f3-899e-812894d70ca2,0
1dc33b22-4869-5042-8fa1-f5cfa363c0dd,1
c62519e2-ed66-5e99-84f5-dc399a629108,2
6f228d76-39d0-5977-9076-04cd9c39b75b,3
45378f8f-f8ec-5459-b568-3ea1e2f32817,4
07b3c4a6-9276-59ab-b2bf-9cc422eb42cd,0
b75b3ea4-c279-579e-865e-8907e6b21bc0,1
55972e36-23ef-5dd3-8ef0-180087099b25,2
eb320063-0ecd-5d29-966f-6adec3953c6a,3
6b849fa5-c3ca-5e4a-a1d4-873b73a126e6,4
64fb8006-5738-5400-8629-f51cb774b57a,0
e5001f57-e7a8-55a3-8566-42a6b2bb082e,1
496c81bf-a60d-5bfa-98f7-6958b75b2392,2
4e00a5f3-8e5e-5c18-bd4a-4b4d5b56ffb9,3
166834bb-c142-50be-b87a-a6c4f5b64c76,4
9af54e0f-b001-5d9d-a35b-67a481dee734,0
a359c528-29fa-5b06-b74d-562bed2dc179,1
0ff4e88a-30c4-53cc-99d9-f20ddf3ee706,2
93079ae2-33cb-5905-8dbd-a605eda49f06,3
bdbfeb08-ab30-5b4f-8c11-445c6778ad5e,4
af4efc3c-bd2c-58fd-8bb7-2c5ebd4c83a5,0
9caf20ec-4b0d-56b5-914d-96a0bad5f072,1
9ba680cc-eafe-595b-91de-29f2a7ee2419,2
bfc61a77-37f9-58ee-b47f-23bd8b741110,3
03183c9c-10f9-583d-acb8-35f6059c4e72,4
c30d99e3-9499-5930-b83e-7e9b239a3d22,0
9f400bbb-869b-543d-8787-ac061316ce64,1
d6aea74b-7f1e-50fe-854b-52b567c9911e,2
bbb0b182-8687-5552-98c8-8fb73e5a851d,3
798549ef-bae8-54fe-b0b0-fc5330fb4f0d,4
bd05a702-2466-5190-98d1-4eab71366a28,0
e9606fa9-e1af-58ef-b29f-9db5eadf5637,1
c1386737-3f1d-5898-b515-76ac494c23d2,2
775904fb-3f0a-5939-980b-102506398bf5,3
e1830328-1229-573d-b3c8-cd297aac2f84,4
30a5738f-ee3e-5f7f-a49c-d41772a1eb19,0
f071925d-0ead-55c7-a596-b60561a82c52,1
b0b536ab-5e80-5d7b-a901-599b0d0d065f,2
1fcfe4cb-a702-51c7-9366-3bcef26bf72a,3
bb6d3c9c-e98c-5a67-bb37-8b745b188a6d,4
d3a62745-b543-5f28-8412-e92fcfc2db60,0
4f2fb2fb-c5a5-5460-942f-4a3b355b2d44,1
2cef8274-78b4-5edf-b421-47ad8cadd6f0,2
ec5c8c3f-8ac2-598c-992f-3b28fec0886f,3
d40378a4-388d-59b8-8df3-4479e613fefa,4
346187d5-94d2-5c79-b7cf-5e101bc75e19,0
3db703dc-be4a-59d7-9a4f-3ad67e6693dc,1
28c4505d-bde0-5e82-9185-6efab77c30b1,2
66787636-bdad-51fb-ba99-6c4f14b6b461,3
4586cf67-6842-5721-8b5d-5274f530d9bb,4
6bd960fd-0411-5f20-acc1-c6f087786bf5,0
aa5e35cb-ce67-50b5-bb76-2ac276c60e3e,1
9f933a02-db65-5fe6-aa47-019874612f73,2
9180a0ec-ce6f-5515-852f-2a95f33a7aba,3
40915cf7-bc21-501f-a73b-a12bf3dfc335,4
10e20799-e34d-5767-a488-6959c6959133,0
d7454bf2-ca91-5464-89d7-0d295c09710c,1
0c21c30b-a8d1-50d7-b23b-0ca90da536a4,2
c2ee532c-c6c5-56af-bdfe-5357e590386b,3
da164c8d-5d09-5fe9-aa78-4d2ef06f6d99,4
cea02b07-8e8b-5793-b153-00ceec0ded1e,0
6f0d0d66-77bd-53df-aca4-6b74ce89a078,1
